first_name,last_name,company,id
Kimberly,Pierce,"Shanahan, Blick and Lockman",05-0839996
Michelle,Carr,Kihn Group,05-7645557
Andrea,Bell,"Cruickshank, Fadel and Yost",21-9494648
Kevin,Mcdonald,Mraz and Sons,31-4373467
Carolyn,Ross,"Wunsch, Pollich and Hettinger",89-8941570
Robert,Adams,"Waters, Lowe and Treutel",46-9050879
Robert,Owens,Douglas Inc,06-2247810
Mary,Fernandez,Schroeder-Nicolas,01-0693584
Virginia,Bennett,Kohler-Durgan,91-6974844
Robert,Hamilton,"Heller, Walter and Auer",47-7907691
